1;studs.wav
2;start.wav
3;saved.wav
4;kill.wav
5;gameover.wav
10;pumpa_obj
13;nkEventEngineMC
16;niklas_head_mc
16;niklas_head_mc
16;niklas_head_mc
16;niklas_head_mc
16;niklas_head_mc
16;niklas_head_mc
16;niklas_head_mc
16;niklas_head_mc
16;niklas_head_mc
16;niklas_head_mc
16;niklas_head_mc
16;niklas_head_mc
16;niklas_head_mc
16;niklas_head_mc
16;niklas_head_mc
16;niklas_head_mc
16;niklas_head_mc
16;niklas_head_mc
16;niklas_head_mc
16;niklas_head_mc
16;niklas_head_mc
29;johan_head_mc
29;johan_head_mc
29;johan_head_mc
29;johan_head_mc
29;johan_head_mc
29;johan_head_mc
29;johan_head_mc
29;johan_head_mc
29;johan_head_mc
29;johan_head_mc
29;johan_head_mc
32;niklas_obj
35;brink_head_mc
35;brink_head_mc
35;brink_head_mc
35;brink_head_mc
35;brink_head_mc
35;brink_head_mc
35;brink_head_mc
35;brink_head_mc
35;brink_head_mc
35;brink_head_mc
35;brink_head_mc
35;brink_head_mc
35;brink_head_mc
35;brink_head_mc
35;brink_head_mc
35;brink_head_mc
35;brink_head_mc
35;brink_head_mc
35;brink_head_mc
35;brink_head_mc
35;brink_head_mc
39;brink_obj
42;mattias_head_mc
42;mattias_head_mc
42;mattias_head_mc
42;mattias_head_mc
42;mattias_head_mc
42;mattias_head_mc
42;mattias_head_mc
42;mattias_head_mc
42;mattias_head_mc
42;mattias_head_mc
42;mattias_head_mc
42;mattias_head_mc
42;mattias_head_mc
42;mattias_head_mc
42;mattias_head_mc
42;mattias_head_mc
42;mattias_head_mc
42;mattias_head_mc
42;mattias_head_mc
42;mattias_head_mc
42;mattias_head_mc
46;mattias_obj
54;kyckling_obj
57;mats_head_mc
57;mats_head_mc
57;mats_head_mc
57;mats_head_mc
57;mats_head_mc
57;mats_head_mc
57;mats_head_mc
57;mats_head_mc
57;mats_head_mc
57;mats_head_mc
57;mats_head_mc
57;mats_head_mc
57;mats_head_mc
57;mats_head_mc
57;mats_head_mc
57;mats_head_mc
57;mats_head_mc
57;mats_head_mc
57;mats_head_mc
57;mats_head_mc
57;mats_head_mc
61;mats_obj
29;johan_head_mc
29;johan_head_mc
29;johan_head_mc
29;johan_head_mc
29;johan_head_mc
29;johan_head_mc
29;johan_head_mc
29;johan_head_mc
29;johan_head_mc
29;johan_head_mc
64;johan_obj
70;tombstone_obj
